currentPrice,deliveryMethodList,deliveryTypeList,dirtyTicketInd,faceValue,isGA,listingAttributeCategoryList,listingAttributeList,listingId,listingPrice,quantity,row,score,seatNumbers,sectionId,sectionName,sellerOwnInd,sellerSectionName,splitOption,splitVector,ticketSplit,zoneId,zoneName,amount
"{'amount': 134.85, 'currency': 'USD'}","[22, 23, 24]",[5],False,,0,,,1285844261,"{'amount': 108.0, 'currency': 'USD'}",2,BS3,0.0,"16,17",369770,West Balcony 322,0,West Balcony 322,0,[2],2,78446,West Balcony,134.85
"{'amount': 137.25, 'currency': 'USD'}","[22, 23, 24]",[5],False,,0,,,1286809961,"{'amount': 110.0, 'currency': 'USD'}",2,3,0.0,"6,7",369780,400 Level - 420,0,400 Level - 420,0,[2],2,78440,400 Level,137.25
"{'amount': 137.25, 'currency': 'USD'}","[22, 23, 24]",[5],False,,0,,,1286968174,"{'amount': 110.0, 'currency': 'USD'}",2,3,0.0,"20,21",369778,400 Level - 418,0,418,1,[2],2,78440,400 Level,137.25
"{'amount': 140.5, 'currency': 'USD'}",[1],[1],False,,0,,,1288770329,"{'amount': 115.0, 'currency': 'USD'}",1,20,0.0,12,369799,200 Level - 226,0,200 Level - 226,2,[1],1,78443,200 Level,140.5
"{'amount': 146.5, 'currency': 'USD'}",[1],[1],False,,0,,,1286992177,"{'amount': 120.0, 'currency': 'USD'}",2,7,0.0,"19,20",369774,400 Level - 414,0,414,0,[2],2,78440,400 Level,146.5
"{'amount': 147.15, 'currency': 'USD'}",[1],[1],False,,0,,,1285846295,"{'amount': 120.54, 'currency': 'USD'}",2,23,0.0,"8,9",369789,200 Level - 209,0,209,0,[2],2,78443,200 Level,147.15
"{'amount': 150.1, 'currency': 'USD'}",[1],[1],False,"{'amount': 97.9, 'currency': 'USD'}",0,,,1287078202,"{'amount': 123.0, 'currency': 'USD'}",2,24,0.0,,369799,200 Level - 226,0,226,2,[2],1,78443,200 Level,150.1
"{'amount': 151.01, 'currency': 'USD'}",[1],[1],False,,0,,,1285883471,"{'amount': 123.76, 'currency': 'USD'}",4,6,0.0,,369779,400 Level - 419,0,419,1,"[2, 4]",2,78440,400 Level,151.01
"{'amount': 151.01, 'currency': 'USD'}",[1],[1],False,,0,,,1285883474,"{'amount': 123.76, 'currency': 'USD'}",2,6,0.0,,369774,400 Level - 414,0,414,2,[2],1,78440,400 Level,151.01
"{'amount': 151.01, 'currency': 'USD'}",[1],[1],False,,0,,,1285883484,"{'amount': 123.76, 'currency': 'USD'}",4,7,0.0,,369778,400 Level - 418,0,418,1,"[2, 4]",2,78440,400 Level,151.01
"{'amount': 151.65, 'currency': 'USD'}","[22, 23, 24]",[5],False,,0,,,1288020685,"{'amount': 122.0, 'currency': 'USD'}",1,3,0.0,PTBM,369779,400 Level - 419,0,400 Level - 419,0,[1],1,78440,400 Level,151.65
"{'amount': 152.5, 'currency': 'USD'}",[1],[1],False,,0,[1],[2361],1287630601,"{'amount': 125.0, 'currency': 'USD'}",2,7,0.0,"2,1",369778,400 Level - 418,0,400 Level - 418,0,[2],2,78440,400 Level,152.5
"{'amount': 153.38, 'currency': 'USD'}",[1],[1],False,,0,,,1288777556,"{'amount': 125.73, 'currency': 'USD'}",2,19,0.0,"9,10",369801,200 Level - 212,0,212,2,[2],1,78443,200 Level,153.38
"{'amount': 155.25, 'currency': 'USD'}","[22, 23, 24]",[5],False,,0,,,1285877146,"{'amount': 125.0, 'currency': 'USD'}",1,2,0.0,16,369767,West Balcony 319,0,West Balcony 319,0,[1],1,78446,West Balcony,155.25
"{'amount': 157.13, 'currency': 'USD'}","[22, 23, 24]",[5],False,,0,,,1284893935,"{'amount': 126.57, 'currency': 'USD'}",4,19,0.0,"6,5,4,3",369757,100 Level - 113,0,100 Level - 113,2,"[1, 2, 4]",1,78442,100 Level,157.13
"{'amount': 157.25, 'currency': 'USD'}",[1],[1],False,,0,,,1285883483,"{'amount': 128.96, 'currency': 'USD'}",2,2,0.0,,369777,400 Level - 417,0,417,2,[2],1,78440,400 Level,157.25
"{'amount': 157.25, 'currency': 'USD'}",[1],[1],False,,0,,,1285883475,"{'amount': 128.96, 'currency': 'USD'}",4,4,0.0,,369776,400 Level - 416,0,416,1,"[2, 4]",2,78440,400 Level,157.25
"{'amount': 157.25, 'currency': 'USD'}",[1],[1],False,,0,,,1285848856,"{'amount': 128.96, 'currency': 'USD'}",2,5,0.0,,369778,400 Level - 418,0,418,2,[2],1,78440,400 Level,157.25
"{'amount': 157.25, 'currency': 'USD'}",[1],[1],False,,0,,,1285883486,"{'amount': 128.96, 'currency': 'USD'}",4,5,0.0,,369775,400 Level - 415,0,415,1,"[2, 4]",2,78440,400 Level,157.25
"{'amount': 157.25, 'currency': 'USD'}",[1],[1],False,,0,,,1285883485,"{'amount': 128.96, 'currency': 'USD'}",2,4,0.0,,369778,400 Level - 418,0,418,2,[2],1,78440,400 Level,157.25
"{'amount': 157.25, 'currency': 'USD'}",[1],[1],False,,0,,,1285883479,"{'amount': 128.96, 'currency': 'USD'}",2,2,0.0,,369807,200 Level - 218,0,218,2,[2],1,78443,200 Level,157.25
"{'amount': 157.3, 'currency': 'USD'}",[1],[1],False,,0,,[3288],1285838136,"{'amount': 129.0, 'currency': 'USD'}",2,3,0.0,General Admission,369803,200 Level - 214,0,200 Level - 214,0,[2],2,78443,200 Level,157.3
"{'amount': 157.65, 'currency': 'USD'}","[22, 23, 24]",[5],False,,0,,,1286123392,"{'amount': 127.0, 'currency': 'USD'}",2,12,0.0,"11,12",369797,200 Level - 224,0,200 Level - 224,0,[2],2,78443,200 Level,157.65
"{'amount': 157.95, 'currency': 'USD'}",[1],[1],False,,0,[1],[2361],1286011603,"{'amount': 129.54, 'currency': 'USD'}",2,2,0.0,"1,2",369779,400 Level - 419,0,419,2,[2],1,78440,400 Level,157.95
"{'amount': 161.26, 'currency': 'USD'}",[1],[1],False,,0,,,1288313698,"{'amount': 132.3, 'currency': 'USD'}",2,7,0.0,General Admission,369776,400 Level - 416,0,416,2,[2],1,78440,400 Level,161.26
"{'amount': 163.3, 'currency': 'USD'}",[1],[1],False,"{'amount': 97.9, 'currency': 'USD'}",0,,,1287103672,"{'amount': 134.0, 'currency': 'USD'}",2,14,0.0,"8,9",369799,200 Level - 226,0,226,2,[2],1,78443,200 Level,163.3
"{'amount': 163.66, 'currency': 'USD'}",[1],[1],False,,0,,,1285985142,"{'amount': 134.3, 'currency': 'USD'}",2,4,0.0,"9,10",369779,400 Level - 419,0,400 Level - 419,0,[2],2,78440,400 Level,163.66
"{'amount': 164.5, 'currency': 'USD'}",[1],[1],False,,0,,,1285845575,"{'amount': 135.0, 'currency': 'USD'}",2,24,0.0,General Admission,369790,200 Level - 210,0,200 Level - 210,0,[2],2,78443,200 Level,164.5
"{'amount': 164.5, 'currency': 'USD'}",[1],[1],False,,0,,,1288026208,"{'amount': 135.0, 'currency': 'USD'}",1,13,0.0,4,369794,200 Level - 221,0,200 Level - 221,0,[1],1,78443,200 Level,164.5
"{'amount': 165.56, 'currency': 'USD'}",[1],[1],False,,0,,,1286016698,"{'amount': 135.88, 'currency': 'USD'}",3,1,0.0,"5,6,7",369774,400 Level - 414,0,400 Level - 414,2,"[1, 3]",1,78440,400 Level,165.56
"{'amount': 165.64, 'currency': 'USD'}",[1],[1],False,,0,[1],"[201, 2361]",1288826595,"{'amount': 135.95, 'currency': 'USD'}",1,17,0.0,,369754,100 Level - 110,0,110,2,[1],1,78442,100 Level,165.64
"{'amount': 165.64, 'currency': 'USD'}",[1],[1],False,,0,[1],"[201, 2361]",1288827253,"{'amount': 135.95, 'currency': 'USD'}",1,17,0.0,,369758,100 Level - 114,0,114,2,[1],1,78442,100 Level,165.64
"{'amount': 165.64, 'currency': 'USD'}",[1],[1],False,,0,,,1288826615,"{'amount': 135.95, 'currency': 'USD'}",1,6,0.0,,369799,200 Level - 226,0,226,2,[1],1,78443,200 Level,165.64
"{'amount': 167.25, 'currency': 'USD'}","[22, 23, 24]",[5],False,,0,,,1285915309,"{'amount': 135.0, 'currency': 'USD'}",3,21,0.0,"3,2,1-3",369800,200 Level - 227,0,200 Level - 227,2,"[1, 3]",1,78443,200 Level,167.25
"{'amount': 167.25, 'currency': 'USD'}","[22, 23, 24, 25]",[5],False,,0,,,1285853154,"{'amount': 135.0, 'currency': 'USD'}",2,2,0.0,,369768,West Balcony 320,0,320,0,[2],2,78446,West Balcony,167.25
"{'amount': 167.5, 'currency': 'USD'}",[1],[1],False,,0,,,1285836496,"{'amount': 137.5, 'currency': 'USD'}",2,5,0.0,General Admission,369794,200 Level - 221,0,200 Level - 221,0,[2],2,78443,200 Level,167.5
"{'amount': 167.74, 'currency': 'USD'}",[1],[1],False,,0,[1],[2361],1286011619,"{'amount': 137.7, 'currency': 'USD'}",4,13,0.0,"3,4,5,6",369804,200 Level - 215,0,215,2,"[1, 2, 4]",1,78443,200 Level,167.74
"{'amount': 168.1, 'currency': 'USD'}",[1],[1],False,,0,,,1288025763,"{'amount': 138.0, 'currency': 'USD'}",1,20,0.0,General Admission,369789,200 Level - 209,0,209,0,[1],1,78443,200 Level,168.1
"{'amount': 169.73, 'currency': 'USD'}",[1],[1],False,,0,,,1285884377,"{'amount': 139.36, 'currency': 'USD'}",4,18,0.0,,369795,200 Level - 222,0,222,1,"[2, 4]",2,78443,200 Level,169.73
"{'amount': 169.73, 'currency': 'USD'}",[1],[1],False,,0,,,1285884361,"{'amount': 139.36, 'currency': 'USD'}",2,9,0.0,,369794,200 Level - 221,0,221,2,[2],1,78443,200 Level,169.73
"{'amount': 170.85, 'currency': 'USD'}","[22, 23, 24]",[5],False,,0,,,1284869450,"{'amount': 138.0, 'currency': 'USD'}",4,24,0.0,"3,4,5,6",369802,200 Level - 213,0,200 Level - 213,2,"[1, 2, 4]",1,78443,200 Level,170.85
"{'amount': 172.05, 'currency': 'USD'}","[22, 23, 24, 25]",[5],False,"{'amount': 93.45, 'currency': 'USD'}",0,,[205],1285826431,"{'amount': 139.0, 'currency': 'USD'}",4,15,0.0,,369802,200 Level - 213,0,213,2,"[1, 2, 4]",1,78443,200 Level,172.05
"{'amount': 172.05, 'currency': 'USD'}","[22, 23, 24, 25]",[5],False,,0,,,1285839987,"{'amount': 139.0, 'currency': 'USD'}",2,6,0.0,,369798,200 Level - 225,0,225,2,[2],1,78443,200 Level,172.05
"{'amount': 172.48, 'currency': 'USD'}","[22, 23, 24, 25]",[5],False,,0,,,1285883477,"{'amount': 139.36, 'currency': 'USD'}",2,2,0.0,,369768,West Balcony 320,0,320,2,[2],1,78446,West Balcony,172.48
"{'amount': 172.9, 'currency': 'USD'}",[1],[1],False,,0,,,1285838859,"{'amount': 142.0, 'currency': 'USD'}",2,14,0.0,General Admission,369755,100 Level - 111,0,100 Level - 111,0,[2],2,78442,100 Level,172.9
"{'amount': 173.02, 'currency': 'USD'}",[1],[1],False,,0,[1],[2361],1287558699,"{'amount': 142.1, 'currency': 'USD'}",2,16,0.0,General Admission,369755,100 Level - 111,0,111,2,[2],1,78442,100 Level,173.02
"{'amount': 173.25, 'currency': 'USD'}","[22, 23, 24]",[5],False,,0,,,1285948584,"{'amount': 140.0, 'currency': 'USD'}",1,5,0.0,General Admission,369805,200 Level - 216,0,200 Level - 216,0,[1],1,78443,200 Level,173.25
"{'amount': 173.25, 'currency': 'USD'}","[22, 23, 24]",[5],False,,0,,[14185],1285011031,"{'amount': 140.0, 'currency': 'USD'}",4,21,0.0,"Ga4,Ga3,Ga1,Ga2",369758,100 Level - 114,0,100 Level - 114,1,"[2, 4]",2,78442,100 Level,173.25
"{'amount': 175.64, 'currency': 'USD'}",[1],[1],False,,0,,,1285949381,"{'amount': 144.28, 'currency': 'USD'}",4,20,0.0,,369795,200 Level - 222,0,222,2,"[1, 2, 4]",1,78443,200 Level,175.64
"{'amount': 175.66, 'currency': 'USD'}",[1],[1],False,,0,,[3288],1285839157,"{'amount': 144.3, 'currency': 'USD'}",2,14,0.0,"11,12",369795,200 Level - 222,0,222,1,[2],2,78443,200 Level,175.66
"{'amount': 175.83, 'currency': 'USD'}",[1],[1],False,,0,,,1285840960,"{'amount': 144.44, 'currency': 'USD'}",2,13,0.0,General Admission,369803,200 Level - 214,0,200 Level - 214,0,[2],2,78443,200 Level,175.83
"{'amount': 178.05, 'currency': 'USD'}","[22, 23, 24]",[5],False,,0,,,1284964694,"{'amount': 144.0, 'currency': 'USD'}",2,13,0.0,"11,12",369797,200 Level - 224,0,200 Level - 224,0,[2],2,78443,200 Level,178.05
"{'amount': 179.25, 'currency': 'USD'}","[22, 23, 24, 25]",[5],False,,0,,,1285838829,"{'amount': 145.0, 'currency': 'USD'}",2,16,0.0,,369797,200 Level - 224,0,224,2,[2],1,78443,200 Level,179.25
"{'amount': 179.25, 'currency': 'USD'}","[22, 23, 24]",[5],False,,0,,,1286046628,"{'amount': 145.0, 'currency': 'USD'}",2,5,0.0,"24,23",369805,200 Level - 216,0,200 Level - 216,2,[2],1,78443,200 Level,179.25
"{'amount': 179.25, 'currency': 'USD'}","[22, 23, 24]",[5],False,,0,,,1285895294,"{'amount': 145.0, 'currency': 'USD'}",2,16,0.0,General Admission,369757,100 Level - 113,0,113,0,[2],2,78442,100 Level,179.25
"{'amount': 179.25, 'currency': 'USD'}","[22, 23, 24]",[5],False,,0,,,1285274934,"{'amount': 145.0, 'currency': 'USD'}",2,7,0.0,"3,4",369790,200 Level - 210,0,210,0,[2],2,78443,200 Level,179.25
"{'amount': 180.1, 'currency': 'USD'}",[1],[1],False,"{'amount': 97.9, 'currency': 'USD'}",0,,,1287103622,"{'amount': 148.0, 'currency': 'USD'}",2,21,0.0,"1,2",369791,200 Level - 211,0,211,2,[2],1,78443,200 Level,180.1
"{'amount': 180.1, 'currency': 'USD'}",[1],[1],False,"{'amount': 97.9, 'currency': 'USD'}",0,,,1287149351,"{'amount': 148.0, 'currency': 'USD'}",2,24,0.0,,369796,200 Level - 223,0,223,2,[2],1,78443,200 Level,180.1
"{'amount': 180.39, 'currency': 'USD'}","[22, 23, 24]",[5],False,,0,,,1284870411,"{'amount': 145.95, 'currency': 'USD'}",2,2,0.0,General Admission,369802,200 Level - 213,0,200 Level - 213,2,[2],1,78443,200 Level,180.39
"{'amount': 181.3, 'currency': 'USD'}",[1],[1],False,,0,,[3288],1285892637,"{'amount': 149.0, 'currency': 'USD'}",2,1,0.0,"12,13",369803,200 Level - 214,0,200 Level - 214,0,[2],2,78443,200 Level,181.3
"{'amount': 182.5, 'currency': 'USD'}",[1],[1],False,,0,,,1285852429,"{'amount': 150.0, 'currency': 'USD'}",1,22,0.0,General Admission,369795,200 Level - 222,0,222,0,[1],1,78443,200 Level,182.5
"{'amount': 182.5, 'currency': 'USD'}",[1],[1],False,,0,,,1286110794,"{'amount': 150.0, 'currency': 'USD'}",1,4,0.0,6,369778,400 Level - 418,0,418,2,[1],1,78440,400 Level,182.5
"{'amount': 182.6, 'currency': 'USD'}",[1],[1],False,,0,,,1285884302,"{'amount': 150.08, 'currency': 'USD'}",2,BS6,0.0,"23,24",369807,200 Level - 218,0,218,0,[2],2,78443,200 Level,182.6
"{'amount': 182.85, 'currency': 'USD'}","[22, 23, 24, 25]",[5],False,"{'amount': 99.57, 'currency': 'USD'}",0,[1],[204],1285853969,"{'amount': 148.0, 'currency': 'USD'}",3,2,0.0,"7,8,9",369765,West Balcony 317,0,317,2,"[1, 3]",1,78446,West Balcony,182.85
"{'amount': 184.05, 'currency': 'USD'}","[22, 23, 24, 25]",[5],False,,0,[1],[2361],1285895563,"{'amount': 149.0, 'currency': 'USD'}",4,5,0.0,"9,10,11,12",369805,200 Level - 216,0,216,1,"[2, 4]",2,78443,200 Level,184.05
"{'amount': 184.05, 'currency': 'USD'}","[22, 23, 24, 25]",[5],False,"{'amount': 100.4, 'currency': 'USD'}",0,,,1287525554,"{'amount': 149.0, 'currency': 'USD'}",2,2,0.0,"23,24",568258,Chase Bridges 327,0,327,2,[2],1,98011,Chase Bridges,184.05
"{'amount': 184.05, 'currency': 'USD'}","[22, 23, 24, 25]",[5],False,"{'amount': 93.42, 'currency': 'USD'}",0,,,1287142034,"{'amount': 149.0, 'currency': 'USD'}",4,BS3,0.0,,369766,West Balcony 318,0,318,2,"[1, 2, 4]",1,78446,West Balcony,184.05
"{'amount': 184.05, 'currency': 'USD'}","[22, 23, 24]",[5],False,"{'amount': 94.53, 'currency': 'USD'}",0,,,1284949779,"{'amount': 149.0, 'currency': 'USD'}",2,23,0.0,General Admission,369790,200 Level - 210,0,210,2,[2],1,78443,200 Level,184.05
"{'amount': 184.84, 'currency': 'USD'}","[22, 23, 24]",[5],False,,0,,,1287030837,"{'amount': 149.66, 'currency': 'USD'}",4,21,0.0,"9,10,11,12",369757,100 Level - 113,0,100 Level - 113,2,"[1, 2, 4]",1,78442,100 Level,184.84
"{'amount': 184.9, 'currency': 'USD'}",[1],[1],False,,0,,,1288027134,"{'amount': 152.0, 'currency': 'USD'}",1,20,0.0,19,369755,100 Level - 111,0,111,0,[1],1,78442,100 Level,184.9
"{'amount': 185.24, 'currency': 'USD'}","[17, 22, 23, 24, 25]",[5],False,,0,"[1, 6]","[101, 14554, 204]",1284908367,"{'amount': 149.99, 'currency': 'USD'}",2,9,0.0,,369803,200 Level - 214,0,214,0,[2],2,78443,200 Level,185.24
"{'amount': 185.25, 'currency': 'USD'}","[22, 23, 24]",[5],False,,0,,,1285844653,"{'amount': 150.0, 'currency': 'USD'}",2,24,0.0,"13,14",369796,200 Level - 223,0,200 Level - 223,0,[2],2,78443,200 Level,185.25
"{'amount': 185.25, 'currency': 'USD'}","[22, 23, 24]",[5],False,,0,,,1285908634,"{'amount': 150.0, 'currency': 'USD'}",2,19,0.0,"6,5",369789,200 Level - 209,0,200 Level - 209,2,[2],1,78443,200 Level,185.25
"{'amount': 185.25, 'currency': 'USD'}","[22, 23, 24]",[5],False,,0,,,1286731740,"{'amount': 150.0, 'currency': 'USD'}",2,5,0.0,General Admission,369779,400 Level - 419,0,400 Level - 419,0,[2],2,78440,400 Level,185.25
"{'amount': 185.25, 'currency': 'USD'}","[22, 23, 24]",[5],False,,0,,,1287442130,"{'amount': 150.0, 'currency': 'USD'}",4,1,0.0,"5,6,7,8",369777,400 Level - 417,0,417,2,"[1, 2, 4]",1,78440,400 Level,185.25
"{'amount': 185.25, 'currency': 'USD'}","[22, 23, 24]",[5],False,,0,,,1287586183,"{'amount': 150.0, 'currency': 'USD'}",1,3,0.0,General Admission,586328,West Balcony Bar Stools 319,0,West Balcony Bar Stools 319,0,[1],1,99398,West Balcony Bar Stools,185.25
"{'amount': 185.25, 'currency': 'USD'}","[22, 23, 24]",[5],False,,0,,,1288331540,"{'amount': 150.0, 'currency': 'USD'}",4,10,0.0,General Admission,369788,200 Level - 208,0,208,2,"[1, 2, 4]",1,78443,200 Level,185.25
"{'amount': 186.1, 'currency': 'USD'}",[1],[1],False,,0,[1],[2361],1286011611,"{'amount': 153.0, 'currency': 'USD'}",2,4,0.0,"4,5",369793,200 Level - 220,0,220,2,[2],1,78443,200 Level,186.1
"{'amount': 190.93, 'currency': 'USD'}","[22, 23, 24, 25]",[5],False,,0,,,1284851222,"{'amount': 154.73, 'currency': 'USD'}",2,16 PTBM,0.0,,369801,200 Level - 212,0,212,2,[2],1,78443,200 Level,190.93
"{'amount': 191.25, 'currency': 'USD'}","[22, 23, 24]",[5],False,,0,,,1286930313,"{'amount': 155.0, 'currency': 'USD'}",4,1,0.0,"5,6,7,8",369778,400 Level - 418,0,418,2,"[1, 2, 4]",1,78440,400 Level,191.25
"{'amount': 192.1, 'currency': 'USD'}",[1],[1],False,"{'amount': 97.9, 'currency': 'USD'}",0,,,1287149296,"{'amount': 158.0, 'currency': 'USD'}",2,24,0.0,,369790,200 Level - 210,0,210,2,[2],1,78443,200 Level,192.1
"{'amount': 192.1, 'currency': 'USD'}",[1],[1],False,,0,[1],"[2361, 204]",1285879136,"{'amount': 158.0, 'currency': 'USD'}",3,5,0.0,"5,6,7",369806,200 Level - 217,0,200 Level - 217,0,[3],3,78443,200 Level,192.1
"{'amount': 192.45, 'currency': 'USD'}","[22, 23, 24]",[5],False,,0,,,1286779963,"{'amount': 156.0, 'currency': 'USD'}",2,3,0.0,"3,4",369805,200 Level - 216,0,200 Level - 216,0,[2],2,78443,200 Level,192.45
"{'amount': 193.3, 'currency': 'USD'}",[1],[1],False,,0,,,1287136838,"{'amount': 159.0, 'currency': 'USD'}",2,2,0.0,General Admission,369777,400 Level - 417,0,417,1,"[1, 2]",1,78440,400 Level,193.3
"{'amount': 193.65, 'currency': 'USD'}","[22, 23, 24, 25]",[5],False,,0,,,1285301867,"{'amount': 157.0, 'currency': 'USD'}",2,7,0.0,,369788,200 Level - 208,0,208,2,[2],1,78443,200 Level,193.65
"{'amount': 194.02, 'currency': 'USD'}",[1],[1],False,,0,,,1285842085,"{'amount': 159.6, 'currency': 'USD'}",2,21,0.0,"2,3",369801,200 Level - 212,0,200 Level - 212,0,[2],2,78443,200 Level,194.02
"{'amount': 194.69, 'currency': 'USD'}",[1],[1],False,,0,,,1285846208,"{'amount': 160.16, 'currency': 'USD'}",2,12,0.0,,369755,100 Level - 111,0,111,2,[2],1,78442,100 Level,194.69
"{'amount': 195.94, 'currency': 'USD'}",[1],[1],False,,0,,[205],1287887614,"{'amount': 161.2, 'currency': 'USD'}",1,15,0.0,General Admission,369754,100 Level - 110,0,110,0,[1],1,78442,100 Level,195.94
"{'amount': 196.05, 'currency': 'USD'}","[22, 23, 24]",[5],False,,0,,[14554],1284890145,"{'amount': 159.0, 'currency': 'USD'}",4,20,0.0,General Admission,369758,100 Level - 114,0,114,2,"[1, 2, 4]",1,78442,100 Level,196.05
"{'amount': 197.19, 'currency': 'USD'}","[22, 23, 24, 25]",[5],False,,0,,,1285009304,"{'amount': 159.95, 'currency': 'USD'}",3,9,0.0,,369788,200 Level - 208,0,208,2,"[1, 3]",1,78443,200 Level,197.19
"{'amount': 197.24, 'currency': 'USD'}","[22, 27]",[5],False,,0,,,1287922824,"{'amount': 159.99, 'currency': 'USD'}",4,9,0.0,"11,12,13,14",369757,100 Level - 113,0,100 Level - 113,2,"[1, 2, 4]",1,78442,100 Level,197.24
"{'amount': 200.5, 'currency': 'USD'}",[1],[1],False,,0,,,1285835789,"{'amount': 165.0, 'currency': 'USD'}",2,3,0.0,"6,5",369803,200 Level - 214,0,200 Level - 214,2,[2],1,78443,200 Level,200.5
"{'amount': 200.5, 'currency': 'USD'}","[2, 1]",[1],False,,0,,,1285842742,"{'amount': 165.0, 'currency': 'USD'}",2,22,0.0,General Admission,369790,200 Level - 210,0,200 Level - 210,2,[2],1,78443,200 Level,200.5
"{'amount': 200.5, 'currency': 'USD'}",[1],[1],False,,0,,,1288026693,"{'amount': 165.0, 'currency': 'USD'}",1,19,0.0,21,369754,100 Level - 110,0,100 Level - 110,0,[1],1,78442,100 Level,200.5
"{'amount': 201.99, 'currency': 'USD'}","[22, 23, 24, 25]",[5],False,,0,,,1285852638,"{'amount': 163.95, 'currency': 'USD'}",2,6,0.0,"15,16",369801,200 Level - 212,0,212,1,[2],2,78443,200 Level,201.99
"{'amount': 202.05, 'currency': 'USD'}","[22, 23, 24, 25]",[5],False,"{'amount': 105.0, 'currency': 'USD'}",0,,,1284870299,"{'amount': 164.0, 'currency': 'USD'}",4,7,0.0,General Admission,369790,200 Level - 210,0,210,1,"[2, 4]",2,78443,200 Level,202.05
"{'amount': 202.8, 'currency': 'USD'}",[1],[1],False,,0,[1],[2361],1286237045,"{'amount': 166.92, 'currency': 'USD'}",2,7,0.0,General Admission,369756,100 Level - 112,0,112,0,[2],2,78442,100 Level,202.8
"{'amount': 203.25, 'currency': 'USD'}","[22, 23, 24, 25]",[5],False,"{'amount': 93.81, 'currency': 'USD'}",0,,,1287142019,"{'amount': 165.0, 'currency': 'USD'}",4,1,0.0,,369777,400 Level - 417,0,417,2,"[1, 2, 4]",1,78440,400 Level,203.25
"{'amount': 205.55, 'currency': 'USD'}","[17, 22, 23, 24, 25]","[4, 5]",False,,0,,,1286226466,"{'amount': 166.92, 'currency': 'USD'}",4,10,0.0,General Admission,369796,200 Level - 223,0,223,1,"[2, 4]",2,78443,200 Level,205.55
"{'amount': 206.5, 'currency': 'USD'}",[1],[1],False,"{'amount': 97.9, 'currency': 'USD'}",0,,,1285855258,"{'amount': 170.0, 'currency': 'USD'}",2,2,0.0,General Admission,369785,200 Level - 205,0,205,0,[2],2,78443,200 Level,206.5
"{'amount': 206.85, 'currency': 'USD'}","[22, 23, 24, 25]",[5],False,"{'amount': 91.99, 'currency': 'USD'}",0,,,1287142009,"{'amount': 168.0, 'currency': 'USD'}",4,1,0.0,,568259,Chase Bridges 328,0,328,2,"[1, 2, 4]",1,98011,Chase Bridges,206.85
"{'amount': 208.3, 'currency': 'USD'}",[1],[1],False,,0,[1],[2361],1288834127,"{'amount': 171.5, 'currency': 'USD'}",1,10,0.0,General Admission,369757,100 Level - 113,0,113,0,[1],1,78442,100 Level,208.3
"{'amount': 208.3, 'currency': 'USD'}",[1],[1],False,,0,[1],[2361],1287558712,"{'amount': 171.5, 'currency': 'USD'}",2,10,0.0,General Admission,369757,100 Level - 113,0,113,2,[2],1,78442,100 Level,208.3
"{'amount': 208.89, 'currency': 'USD'}",[1],[1],False,"{'amount': 97.9, 'currency': 'USD'}",0,,,1285845825,"{'amount': 171.99, 'currency': 'USD'}",2,22,0.0,General Admission,369795,200 Level - 222,0,222,0,[2],2,78443,200 Level,208.89
"{'amount': 209.19, 'currency': 'USD'}","[22, 23, 24, 25]",[5],False,,0,,,1285301866,"{'amount': 169.95, 'currency': 'USD'}",2,5,0.0,,369800,200 Level - 227,0,227,2,[2],1,78443,200 Level,209.19
"{'amount': 209.93, 'currency': 'USD'}","[22, 23, 24]",[5],False,,0,,,1285895825,"{'amount': 170.57, 'currency': 'USD'}",1,9,0.0,16,369788,200 Level - 208,0,200 Level - 208,2,[1],1,78443,200 Level,209.93
"{'amount': 212.5, 'currency': 'USD'}",[1],[1],False,,0,,[3288],1286311933,"{'amount': 175.0, 'currency': 'USD'}",4,24,0.0,,369795,200 Level - 222,0,222,1,"[1, 2, 3, 4]",1,78443,200 Level,212.5
"{'amount': 212.5, 'currency': 'USD'}",[1],[1],False,,0,,,1287775127,"{'amount': 175.0, 'currency': 'USD'}",1,14,0.0,General Admission,369757,100 Level - 113,0,100 Level - 113,0,[1],1,78442,100 Level,212.5
"{'amount': 212.5, 'currency': 'USD'}",[1],[1],False,,0,,,1288334252,"{'amount': 175.0, 'currency': 'USD'}",3,4,0.0,,369786,200 Level - 206,0,206,2,"[1, 3]",1,78443,200 Level,212.5
"{'amount': 212.5, 'currency': 'USD'}",[1],[1],False,,0,,,1288767174,"{'amount': 175.0, 'currency': 'USD'}",1,6,0.0,10,369754,100 Level - 110,0,100 Level - 110,2,[1],1,78442,100 Level,212.5
"{'amount': 212.5, 'currency': 'USD'}",[1],[1],False,,0,,,1285970923,"{'amount': 175.0, 'currency': 'USD'}",1,6,0.0,20,369777,400 Level - 417,0,400 Level - 417,2,[1],1,78440,400 Level,212.5
"{'amount': 215.19, 'currency': 'USD'}","[22, 23, 24, 25]",[5],False,,0,,,1285301868,"{'amount': 174.95, 'currency': 'USD'}",3,11,0.0,,369789,200 Level - 209,0,209,2,"[1, 3]",1,78443,200 Level,215.19
"{'amount': 215.25, 'currency': 'USD'}","[22, 23, 24, 25]",[5],False,,0,,,1285852091,"{'amount': 175.0, 'currency': 'USD'}",2,7,0.0,,369800,200 Level - 227,0,227,2,[2],1,78443,200 Level,215.25
"{'amount': 215.25, 'currency': 'USD'}","[22, 23, 24, 25]",[5],False,,0,,,1285926677,"{'amount': 175.0, 'currency': 'USD'}",2,16,0.0,"6,5",369764,100 Level - 120,0,100 Level - 120,2,[2],1,78442,100 Level,215.25
"{'amount': 215.25, 'currency': 'USD'}","[22, 23, 24]",[5],False,,0,,,1286055614,"{'amount': 175.0, 'currency': 'USD'}",2,21,0.0,General Admission,369790,200 Level - 210,0,200 Level - 210,0,[2],2,78443,200 Level,215.25
"{'amount': 215.25, 'currency': 'USD'}","[22, 27]",[5],False,,0,,"[311, 14554]",1284867780,"{'amount': 175.0, 'currency': 'USD'}",4,17,0.0,General Admission,369758,100 Level - 114,0,100 Level - 114,1,"[2, 4]",2,78442,100 Level,215.25
"{'amount': 215.25, 'currency': 'USD'}","[22, 23, 24]",[5],False,,0,,,1287897814,"{'amount': 175.0, 'currency': 'USD'}",2,17,0.0,"9,10",369798,200 Level - 225,0,225,0,[2],2,78443,200 Level,215.25
"{'amount': 215.25, 'currency': 'USD'}","[22, 23, 24]",[5],False,,1,,,1288627074,"{'amount': 175.0, 'currency': 'USD'}",2,13,0.0,"3,4",1944114,Riser General Admission 3,0,Riser General Admission 3,0,[2],2,264527,Floor,215.25
"{'amount': 217.3, 'currency': 'USD'}",[1],[1],False,,0,,,1287112433,"{'amount': 179.0, 'currency': 'USD'}",2,6,0.0,,369788,200 Level - 208,0,208,2,[2],1,78443,200 Level,217.3
"{'amount': 218.44, 'currency': 'USD'}",[1],[1],False,"{'amount': 97.9, 'currency': 'USD'}",0,,,1287078201,"{'amount': 179.95, 'currency': 'USD'}",1,16,0.0,,369746,100 Level - 102,0,102,2,[1],1,78442,100 Level,218.44
"{'amount': 218.5, 'currency': 'USD'}",[1],[1],False,,0,,,1285865684,"{'amount': 180.0, 'currency': 'USD'}",1,18,0.0,19,369790,200 Level - 210,0,210,0,[1],1,78443,200 Level,218.5
"{'amount': 220.9, 'currency': 'USD'}",[1],[1],False,,0,,,1287512197,"{'amount': 182.0, 'currency': 'USD'}",2,24,0.0,General Admission,369796,200 Level - 223,0,223,0,[2],2,78443,200 Level,220.9
"{'amount': 221.25, 'currency': 'USD'}","[22, 23, 24]",[5],False,,1,,,1285865005,"{'amount': 180.0, 'currency': 'USD'}",1,5,0.0,GA 0,1944114,Riser General Admission 3,0,Riser General Admission 3,2,[1],1,264527,Floor,221.25
"{'amount': 221.25, 'currency': 'USD'}","[22, 23, 24, 25]",[5],False,,0,,,1286101726,"{'amount': 180.0, 'currency': 'USD'}",4,8,0.0,General Admission,369798,200 Level - 225,0,200 Level - 225,2,"[1, 2, 4]",1,78443,200 Level,221.25
"{'amount': 221.25, 'currency': 'USD'}","[22, 23, 24, 25]",[5],False,,1,,,1285975528,"{'amount': 180.0, 'currency': 'USD'}",1,12,0.0,8,1944114,Riser General Admission 3,0,3,2,[1],1,264527,Floor,221.25
"{'amount': 222.45, 'currency': 'USD'}","[22, 23, 24, 25]",[5],False,"{'amount': 91.98, 'currency': 'USD'}",0,,,1287141929,"{'amount': 181.0, 'currency': 'USD'}",4,21,0.0,,369795,200 Level - 222,0,222,2,"[1, 2, 4]",1,78443,200 Level,222.45
"{'amount': 222.87, 'currency': 'USD'}","[22, 23, 24, 25]",[5],False,,1,,,1285837211,"{'amount': 181.35, 'currency': 'USD'}",2,18,0.0,,1944114,Riser General Admission 3,0,3,1,[2],2,264527,Floor,222.87
"{'amount': 223.0, 'currency': 'USD'}",[1],[1],False,,0,[1],"[3288, 2361]",1286013952,"{'amount': 183.75, 'currency': 'USD'}",2,6,0.0,"3,4",369758,100 Level - 114,0,114,2,[2],1,78442,100 Level,223.0
"{'amount': 224.5, 'currency': 'USD'}",[1],[1],False,"{'amount': 97.9, 'currency': 'USD'}",0,[1],"[2361, 205]",1285843906,"{'amount': 185.0, 'currency': 'USD'}",2,9,0.0,,369754,100 Level - 110,0,110,0,[2],2,78442,100 Level,224.5
"{'amount': 227.25, 'currency': 'USD'}","[22, 23, 24]",[5],False,,0,,,1287229184,"{'amount': 185.0, 'currency': 'USD'}",4,15,0.0,"14,13,12,11",369799,200 Level - 226,0,200 Level - 226,2,"[1, 2, 4]",1,78443,200 Level,227.25
"{'amount': 227.25, 'currency': 'USD'}","[22, 23, 24]",[5],False,,0,,[205],1284851330,"{'amount': 185.0, 'currency': 'USD'}",4,20,0.0,General Admission,369753,100 Level - 109,0,100 Level - 109,1,"[2, 4]",2,78442,100 Level,227.25
"{'amount': 228.51, 'currency': 'USD'}","[22, 23, 24]",[5],False,,0,,,1284854112,"{'amount': 183.0, 'currency': 'USD'}",2,20 - PTBM,0.0,"PTBM1,PTBM2",369801,200 Level - 212,0,200 Level - 212,0,[2],2,78443,200 Level,228.51
"{'amount': 229.3, 'currency': 'USD'}",[1],[1],False,,0,,,1285852478,"{'amount': 189.0, 'currency': 'USD'}",2,15,0.0,"18,19",369754,100 Level - 110,0,110,0,[2],2,78442,100 Level,229.3
"{'amount': 229.33, 'currency': 'USD'}","[22, 23, 24]",[5],False,,0,,,1284916475,"{'amount': 186.74, 'currency': 'USD'}",4,14,0.0,"15,14,12,13",369758,100 Level - 114,0,100 Level - 114,2,"[1, 2, 4]",1,78442,100 Level,229.33
"{'amount': 229.65, 'currency': 'USD'}","[22, 23, 24, 25]",[5],False,,0,,,1287225132,"{'amount': 187.0, 'currency': 'USD'}",3,19,0.0,,369758,100 Level - 114,0,114,2,"[1, 3]",1,78442,100 Level,229.65
"{'amount': 229.65, 'currency': 'USD'}","[22, 23, 24, 25]",[5],False,,0,,,1287225131,"{'amount': 187.0, 'currency': 'USD'}",4,10,0.0,,369758,100 Level - 114,0,114,1,"[2, 4]",2,78442,100 Level,229.65
"{'amount': 229.65, 'currency': 'USD'}","[22, 23, 24, 25]",[5],False,,0,,,1287225133,"{'amount': 187.0, 'currency': 'USD'}",2,8,0.0,,369758,100 Level - 114,0,114,0,[2],2,78442,100 Level,229.65
"{'amount': 230.5, 'currency': 'USD'}",[1],[1],False,,0,,,1287518330,"{'amount': 190.0, 'currency': 'USD'}",1,14,0.0,1,369757,100 Level - 113,0,100 Level - 113,0,[1],1,78442,100 Level,230.5
"{'amount': 230.5, 'currency': 'USD'}",[1],[1],False,,0,,,1285834984,"{'amount': 190.0, 'currency': 'USD'}",2,17,0.0,"15,16",369753,100 Level - 109,0,109,0,[2],2,78442,100 Level,230.5
"{'amount': 232.05, 'currency': 'USD'}","[22, 23, 24]",[5],False,"{'amount': 93.76, 'currency': 'USD'}",0,[1],"[2361, 204]",1284950711,"{'amount': 189.0, 'currency': 'USD'}",4,8,0.0,General Admission,369756,100 Level - 112,0,112,2,"[1, 2, 4]",1,78442,100 Level,232.05
"{'amount': 232.95, 'currency': 'USD'}","[22, 23, 24, 25]",[5],False,,0,,,1285873778,"{'amount': 189.75, 'currency': 'USD'}",4,2,0.0,,369799,200 Level - 226,0,226,1,"[2, 4]",2,78443,200 Level,232.95
"{'amount': 233.23, 'currency': 'USD'}","[22, 23, 24, 25]",[5],False,"{'amount': 97.67, 'currency': 'USD'}",0,,,1285849462,"{'amount': 189.98, 'currency': 'USD'}",4,22,0.0,General Admission,369748,100 Level - 104,0,104,2,"[1, 2, 4]",1,78442,100 Level,233.23
"{'amount': 233.24, 'currency': 'USD'}","[22, 23, 24]",[5],False,,0,,,1285843900,"{'amount': 189.99, 'currency': 'USD'}",4,15,0.0,,369747,100 Level - 103,0,103,1,"[2, 4]",2,78442,100 Level,233.24
"{'amount': 233.25, 'currency': 'USD'}","[22, 23, 24]",[5],False,,0,,,1285864559,"{'amount': 190.0, 'currency': 'USD'}",1,9,0.0,5,369794,200 Level - 221,0,221,0,[1],1,78443,200 Level,233.25
"{'amount': 233.25, 'currency': 'USD'}","[22, 23, 24]",[5],False,,0,"[1, 6]","[101, 204]",1287923258,"{'amount': 190.0, 'currency': 'USD'}",3,15,0.0,"1,2,3",369755,100 Level - 111,0,100 Level - 111,0,[3],3,78442,100 Level,233.25
"{'amount': 233.31, 'currency': 'USD'}",[1],[1],False,,0,[1],[204],1285843841,"{'amount': 192.34, 'currency': 'USD'}",2,9,0.0,"7,8",369756,100 Level - 112,0,100 Level - 112,2,[2],1,78442,100 Level,233.31
"{'amount': 235.65, 'currency': 'USD'}","[22, 23, 24, 25]",[5],False,"{'amount': 91.99, 'currency': 'USD'}",0,,,1287142005,"{'amount': 192.0, 'currency': 'USD'}",4,24,0.0,,369798,200 Level - 225,0,225,2,"[1, 2, 4]",1,78443,200 Level,235.65
"{'amount': 236.5, 'currency': 'USD'}",[1],[1],False,,0,[1],[201],1285915251,"{'amount': 195.0, 'currency': 'USD'}",2,7,0.0,,369758,100 Level - 114,0,114,2,[2],1,78442,100 Level,236.5
"{'amount': 236.5, 'currency': 'USD'}",[1],[1],False,,0,[1],[204],1285868307,"{'amount': 195.0, 'currency': 'USD'}",2,20,0.0,,369757,100 Level - 113,0,113,2,[2],1,78442,100 Level,236.5
"{'amount': 237.39, 'currency': 'USD'}","[22, 23, 24]",[5],False,,0,,,1284874862,"{'amount': 193.45, 'currency': 'USD'}",2,22,0.0,"22,21",369753,100 Level - 109,0,100 Level - 109,0,[2],2,78442,100 Level,237.39
"{'amount': 237.7, 'currency': 'USD'}",[1],[1],False,"{'amount': 97.9, 'currency': 'USD'}",0,,[3288],1286780210,"{'amount': 196.0, 'currency': 'USD'}",4,8,0.0,,369759,100 Level - 115,0,115,1,"[2, 4]",2,78442,100 Level,237.7
"{'amount': 238.05, 'currency': 'USD'}","[22, 23, 24, 25]",[5],False,"{'amount': 100.4, 'currency': 'USD'}",1,,,1285994622,"{'amount': 194.0, 'currency': 'USD'}",2,9,0.0,"7,8",1944112,Riser General Admission 1,0,1,2,[2],1,264527,Floor,238.05
"{'amount': 240.1, 'currency': 'USD'}",[1],[1],False,,0,,,1286061391,"{'amount': 198.0, 'currency': 'USD'}",2,3,0.0,"7,8",369797,200 Level - 224,0,200 Level - 224,0,[2],2,78443,200 Level,240.1
"{'amount': 241.3, 'currency': 'USD'}",[1],[1],False,,0,,,1285866671,"{'amount': 199.0, 'currency': 'USD'}",1,22,0.0,4,369799,200 Level - 226,0,200 Level - 226,0,[1],1,78443,200 Level,241.3
"{'amount': 241.3, 'currency': 'USD'}",[1],[1],False,,0,[1],[204],1285969049,"{'amount': 199.0, 'currency': 'USD'}",2,22,0.0,"10,11",369758,100 Level - 114,0,114,2,[2],1,78442,100 Level,241.3
"{'amount': 241.3, 'currency': 'USD'}",[1],[1],False,,0,,,1285976994,"{'amount': 199.0, 'currency': 'USD'}",1,7,0.0,2,369794,200 Level - 221,0,221,0,[1],1,78443,200 Level,241.3
"{'amount': 241.3, 'currency': 'USD'}",[1],[1],False,,1,,,1287451777,"{'amount': 199.0, 'currency': 'USD'}",1,12,0.0,General Admission,1944113,Riser General Admission 2,0,Riser General Admission 2,0,[1],1,264527,Floor,241.3
"{'amount': 241.3, 'currency': 'USD'}",[1],[1],False,,1,,,1287452039,"{'amount': 199.0, 'currency': 'USD'}",1,14,0.0,General Admission,1944113,Riser General Admission 2,0,Riser General Admission 2,0,[1],1,264527,Floor,241.3
"{'amount': 242.5, 'currency': 'USD'}",[1],[1],False,,0,,,1285849161,"{'amount': 200.0, 'currency': 'USD'}",2,7,0.0,General Admission,369799,200 Level - 226,0,200 Level - 226,0,[2],2,78443,200 Level,242.5
"{'amount': 242.5, 'currency': 'USD'}",[1],[1],False,,0,,,1285853534,"{'amount': 200.0, 'currency': 'USD'}",4,15,0.0,"1,2,3,4",369803,200 Level - 214,0,200 Level - 214,2,"[1, 2, 4]",1,78443,200 Level,242.5
"{'amount': 242.5, 'currency': 'USD'}",[1],[1],False,,0,,,1286052608,"{'amount': 200.0, 'currency': 'USD'}",4,20,0.0,General Admission,369798,200 Level - 225,0,200 Level - 225,1,"[2, 4]",2,78443,200 Level,242.5
"{'amount': 242.5, 'currency': 'USD'}",[1],[1],False,,0,,,1286110953,"{'amount': 200.0, 'currency': 'USD'}",2,24,0.0,"17,18",369795,200 Level - 222,0,222,1,[2],2,78443,200 Level,242.5
"{'amount': 242.5, 'currency': 'USD'}",[1],[1],False,,0,,,1286110392,"{'amount': 200.0, 'currency': 'USD'}",1,3,0.0,3,369803,200 Level - 214,0,214,2,[1],1,78443,200 Level,242.5
"{'amount': 242.5, 'currency': 'USD'}",[1],[1],False,,0,[1],[2361],1286116667,"{'amount': 200.0, 'currency': 'USD'}",2,4,0.0,,369807,200 Level - 218,0,218,1,[2],2,78443,200 Level,242.5
"{'amount': 242.85, 'currency': 'USD'}","[22, 23, 24, 25]",[5],False,"{'amount': 100.4, 'currency': 'USD'}",1,,,1287103650,"{'amount': 198.0, 'currency': 'USD'}",2,16,0.0,"1,2",1944112,Riser General Admission 1,0,1,2,[2],1,264527,Floor,242.85
"{'amount': 244.05, 'currency': 'USD'}","[22, 23, 24, 25]",[5],False,,0,,[311],1285833199,"{'amount': 199.0, 'currency': 'USD'}",4,7,0.0,"12,13,14,15",369803,200 Level - 214,0,214,2,"[1, 2, 4]",1,78443,200 Level,244.05
"{'amount': 244.05, 'currency': 'USD'}","[22, 23, 24]",[5],False,,0,,,1285207628,"{'amount': 199.0, 'currency': 'USD'}",2,21,0.0,General Admission,369753,100 Level - 109,0,100 Level - 109,0,[2],2,78442,100 Level,244.05
"{'amount': 244.05, 'currency': 'USD'}","[22, 23, 24, 25]",[5],False,"{'amount': 93.81, 'currency': 'USD'}",0,,,1284886434,"{'amount': 199.0, 'currency': 'USD'}",2,2,0.0,General Admission,369798,200 Level - 225,0,225,0,[2],2,78443,200 Level,244.05
"{'amount': 244.05, 'currency': 'USD'}","[22, 23, 24]",[5],False,,0,,,1284854232,"{'amount': 199.0, 'currency': 'USD'}",2,11,0.0,General Admission,369749,100 Level - 105,0,105,1,[2],2,78442,100 Level,244.05
"{'amount': 244.05, 'currency': 'USD'}","[22, 23, 24]",[5],False,,0,,,1287014089,"{'amount': 199.0, 'currency': 'USD'}",1,23,0.0,General Admission,369799,200 Level - 226,0,226,0,[1],1,78443,200 Level,244.05
"{'amount': 245.23, 'currency': 'USD'}","[22, 23, 24, 25]",[5],False,,1,,,1285868306,"{'amount': 199.98, 'currency': 'USD'}",2,8,0.0,,1944112,Riser General Admission 1,0,1,2,[2],1,264527,Floor,245.23
"{'amount': 245.24, 'currency': 'USD'}","[22, 23, 24]",[5],False,,0,,,1285999209,"{'amount': 199.99, 'currency': 'USD'}",1,11,0.0,PTBM,369748,100 Level - 104,0,104,0,[1],1,78442,100 Level,245.24
"{'amount': 245.25, 'currency': 'USD'}","[22, 23, 24]",[5],False,,0,[6],[101],1285290614,"{'amount': 200.0, 'currency': 'USD'}",4,21,0.0,General Admission,369796,200 Level - 223,0,200 Level - 223,0,[4],4,78443,200 Level,245.25
"{'amount': 245.25, 'currency': 'USD'}","[22, 23, 24]",[5],False,,0,,,1285853444,"{'amount': 200.0, 'currency': 'USD'}",4,11,0.0,General Admission,369757,100 Level - 113,0,100 Level - 113,2,"[1, 2, 4]",1,78442,100 Level,245.25
"{'amount': 245.25, 'currency': 'USD'}","[22, 23, 24, 25]",[5],False,,0,,,1286713642,"{'amount': 200.0, 'currency': 'USD'}",2,6,0.0,,369787,200 Level - 207,0,207,2,[2],1,78443,200 Level,245.25
"{'amount': 245.25, 'currency': 'USD'}","[22, 23, 24]",[5],False,,0,,,1285894658,"{'amount': 200.0, 'currency': 'USD'}",2,11,0.0,"9,10",369764,100 Level - 120,0,100 Level - 120,0,[2],2,78442,100 Level,245.25
"{'amount': 245.25, 'currency': 'USD'}","[22, 23, 24]",[5],False,,0,,[14554],1287223060,"{'amount': 200.0, 'currency': 'USD'}",3,9,0.0,"1,2,3",369802,200 Level - 213,0,200 Level - 213,2,"[1, 3]",1,78443,200 Level,245.25
"{'amount': 245.25, 'currency': 'USD'}","[22, 23, 24]",[5],False,,0,,,1288025718,"{'amount': 200.0, 'currency': 'USD'}",1,17,0.0,16,369745,100 Level - 101,0,100 Level - 101,2,[1],1,78442,100 Level,245.25
"{'amount': 245.25, 'currency': 'USD'}","[22, 23, 24, 25]",[5],False,"{'amount': 100.4, 'currency': 'USD'}",1,,,1285855259,"{'amount': 200.0, 'currency': 'USD'}",2,16,0.0,General Admission,1944113,Riser General Admission 2,0,2,0,[2],2,264527,Floor,245.25
"{'amount': 245.25, 'currency': 'USD'}","[22, 23, 24]",[5],False,,0,,,1288313557,"{'amount': 200.0, 'currency': 'USD'}",1,21,0.0,4,369764,100 Level - 120,0,120,0,[1],1,78442,100 Level,245.25
"{'amount': 245.25, 'currency': 'USD'}","[22, 23, 24]",[5],False,,1,,,1285846325,"{'amount': 200.0, 'currency': 'USD'}",2,14,0.0,"9,10",1944113,Riser General Admission 2,0,2,0,[2],2,264527,Floor,245.25
"{'amount': 245.86, 'currency': 'USD'}",[1],[1],False,,0,[1],[204],1287836184,"{'amount': 202.8, 'currency': 'USD'}",3,10,0.0,General Admission,369757,100 Level - 113,0,113,2,"[1, 3]",1,78442,100 Level,245.86
"{'amount': 247.3, 'currency': 'USD'}",[1],[1],False,"{'amount': 97.9, 'currency': 'USD'}",0,,[205],1285864612,"{'amount': 204.0, 'currency': 'USD'}",2,11,0.0,General Admission,369753,100 Level - 109,0,109,0,[2],2,78442,100 Level,247.3
"{'amount': 248.5, 'currency': 'USD'}",[1],[1],False,,0,,,1285891756,"{'amount': 205.0, 'currency': 'USD'}",4,15,0.0,,369753,100 Level - 109,0,109,1,"[2, 4]",2,78442,100 Level,248.5
"{'amount': 248.5, 'currency': 'USD'}",[1],[1],False,"{'amount': 97.9, 'currency': 'USD'}",0,,,1285845688,"{'amount': 205.0, 'currency': 'USD'}",2,4,0.0,"1,2",369786,200 Level - 206,0,206,2,[2],1,78443,200 Level,248.5
"{'amount': 249.25, 'currency': 'USD'}","[22, 23, 24]",[5],False,,0,,,1284883019,"{'amount': 200.0, 'currency': 'USD'}",4,20,0.0,"19,20,21,22",369802,200 Level - 213,0,200 Level - 213,1,"[2, 4]",2,78443,200 Level,249.25
"{'amount': 251.25, 'currency': 'USD'}","[22, 23, 24, 25]",[5],False,,1,[1],[201],1285921094,"{'amount': 205.0, 'currency': 'USD'}",2,8,0.0,,1944113,Riser General Admission 2,0,2,2,[2],1,264527,Floor,251.25
"{'amount': 251.25, 'currency': 'USD'}","[22, 23, 24, 25]",[5],False,"{'amount': 91.5, 'currency': 'USD'}",0,,,1287141943,"{'amount': 205.0, 'currency': 'USD'}",4,19,0.0,,369799,200 Level - 226,0,226,2,"[1, 2, 4]",1,78443,200 Level,251.25
"{'amount': 253.42, 'currency': 'USD'}",[1],[1],False,,0,,,1286011597,"{'amount': 209.1, 'currency': 'USD'}",2,19,0.0,"11,12",369801,200 Level - 212,0,212,2,[2],1,78443,200 Level,253.42
"{'amount': 254.85, 'currency': 'USD'}","[22, 23, 24, 25]",[5],False,"{'amount': 97.13, 'currency': 'USD'}",0,,,1287141968,"{'amount': 208.0, 'currency': 'USD'}",4,BS3,0.0,,369784,200 Level - 204,0,204,2,"[1, 2, 4]",1,78443,200 Level,254.85
"{'amount': 254.85, 'currency': 'USD'}","[22, 23, 24, 25]",[5],False,"{'amount': 93.81, 'currency': 'USD'}",0,,,1287142027,"{'amount': 208.0, 'currency': 'USD'}",4,21,0.0,,369758,100 Level - 114,0,114,2,"[1, 2, 4]",1,78442,100 Level,254.85
"{'amount': 256.05, 'currency': 'USD'}","[22, 23, 24, 25]",[5],False,"{'amount': 100.4, 'currency': 'USD'}",1,,,1287103642,"{'amount': 209.0, 'currency': 'USD'}",2,15,0.0,"1,2",1944114,Riser General Admission 3,0,3,2,[2],1,264527,Floor,256.05
"{'amount': 257.25, 'currency': 'USD'}","[22, 23, 24, 25]",[5],False,,1,,,1285891775,"{'amount': 210.0, 'currency': 'USD'}",4,17,0.0,,1944113,Riser General Admission 2,0,2,1,"[2, 4]",2,264527,Floor,257.25
"{'amount': 257.25, 'currency': 'USD'}","[22, 23, 24, 25]",[5],False,,0,,,1286099794,"{'amount': 210.0, 'currency': 'USD'}",1,6,0.0,General Admission,369801,200 Level - 212,0,200 Level - 212,0,[1],1,78443,200 Level,257.25
"{'amount': 257.25, 'currency': 'USD'}","[22, 23, 24, 25]",[5],False,"{'amount': 91.98, 'currency': 'USD'}",0,,,1287141905,"{'amount': 210.0, 'currency': 'USD'}",4,13,0.0,,369755,100 Level - 111,0,111,2,"[1, 2, 4]",1,78442,100 Level,257.25
"{'amount': 258.1, 'currency': 'USD'}",[1],[1],False,,0,,[205],1285855193,"{'amount': 213.0, 'currency': 'USD'}",2,8,0.0,"15,16",369753,100 Level - 109,0,109,0,[2],2,78442,100 Level,258.1
"{'amount': 258.45, 'currency': 'USD'}","[22, 23, 24, 25]",[5],False,"{'amount': 91.99, 'currency': 'USD'}",0,,,1287141999,"{'amount': 211.0, 'currency': 'USD'}",4,2,0.0,,369805,200 Level - 216,0,216,2,"[1, 2, 4]",1,78443,200 Level,258.45
"{'amount': 259.65, 'currency': 'USD'}","[22, 23, 24, 25]",[5],False,,0,,,1286037034,"{'amount': 212.0, 'currency': 'USD'}",2,12,0.0,General Admission,369746,100 Level - 102,0,102,0,[2],2,78442,100 Level,259.65
"{'amount': 259.65, 'currency': 'USD'}","[22, 23, 24, 25]",[5],False,"{'amount': 93.8, 'currency': 'USD'}",0,,,1287141895,"{'amount': 212.0, 'currency': 'USD'}",4,10,0.0,,369756,100 Level - 112,0,112,2,"[1, 2, 4]",1,78442,100 Level,259.65
"{'amount': 259.65, 'currency': 'USD'}","[22, 23, 24, 25]",[5],False,"{'amount': 94.94, 'currency': 'USD'}",0,,,1287142049,"{'amount': 212.0, 'currency': 'USD'}",4,2,0.0,,369805,200 Level - 216,0,216,2,"[1, 2, 4]",1,78443,200 Level,259.65
"{'amount': 259.83, 'currency': 'USD'}",[1],[1],False,,0,,,1285842582,"{'amount': 214.44, 'currency': 'USD'}",1,5,0.0,General Admission,369748,100 Level - 104,0,100 Level - 104,0,[1],1,78442,100 Level,259.83
"{'amount': 260.5, 'currency': 'USD'}",[1],[1],False,,0,,,1285868621,"{'amount': 215.0, 'currency': 'USD'}",2,8,0.0,,369753,100 Level - 109,0,109,0,[2],2,78442,100 Level,260.5
"{'amount': 260.85, 'currency': 'USD'}","[22, 23, 24, 25]",[5],False,"{'amount': 93.42, 'currency': 'USD'}",0,,,1287142015,"{'amount': 213.0, 'currency': 'USD'}",8,13,0.0,,369800,200 Level - 227,0,227,2,"[1, 2, 3, 4, 5, 6, 8]",1,78443,200 Level,260.85
"{'amount': 265.23, 'currency': 'USD'}","[22, 23, 24, 25]",[5],False,"{'amount': 97.67, 'currency': 'USD'}",0,,,1285849461,"{'amount': 216.65, 'currency': 'USD'}",3,13,0.0,General Admission,369748,100 Level - 104,0,104,0,[3],3,78442,100 Level,265.23
"{'amount': 265.24, 'currency': 'USD'}","[22, 23, 24]",[5],False,,0,,,1285833135,"{'amount': 216.66, 'currency': 'USD'}",4,17,0.0,,369764,100 Level - 120,0,120,1,"[2, 4]",2,78442,100 Level,265.24
"{'amount': 265.24, 'currency': 'USD'}","[22, 23, 24]",[5],False,,0,,,1285834690,"{'amount': 216.66, 'currency': 'USD'}",3,16,0.0,,369747,100 Level - 103,0,103,1,"[1, 2, 3]",1,78442,100 Level,265.24
"{'amount': 265.24, 'currency': 'USD'}","[22, 23, 24]",[5],False,,0,,,1285832516,"{'amount': 216.66, 'currency': 'USD'}",2,8,0.0,,369746,100 Level - 102,0,102,2,[2],1,78442,100 Level,265.24
"{'amount': 265.65, 'currency': 'USD'}","[22, 23, 24, 25]",[5],False,"{'amount': 91.99, 'currency': 'USD'}",0,,,1287141985,"{'amount': 217.0, 'currency': 'USD'}",4,9,0.0,,369755,100 Level - 111,0,111,2,"[1, 2, 4]",1,78442,100 Level,265.65
"{'amount': 268.05, 'currency': 'USD'}","[22, 23, 24, 25]",[5],False,,1,,,1285861121,"{'amount': 219.0, 'currency': 'USD'}",2,13,0.0,,1944113,Riser General Admission 2,0,2,2,[2],1,264527,Floor,268.05
"{'amount': 271.65, 'currency': 'USD'}","[22, 23, 24, 25]",[5],False,"{'amount': 91.98, 'currency': 'USD'}",0,,,1287141938,"{'amount': 222.0, 'currency': 'USD'}",4,5,0.0,,369800,200 Level - 227,0,227,2,"[1, 2, 4]",1,78443,200 Level,271.65
"{'amount': 271.91, 'currency': 'USD'}","[22, 23, 24]",[5],False,,0,,,1286966172,"{'amount': 222.22, 'currency': 'USD'}",2,BS3,0.0,General Admission,568217,Chase Bridges 312,0,Chase Bridges 312,1,"[1, 2]",1,98011,Chase Bridges,271.91
"{'amount': 272.5, 'currency': 'USD'}",[1],[1],False,,0,[1],[2361],1286312105,"{'amount': 225.0, 'currency': 'USD'}",2,16,0.0,,369755,100 Level - 111,0,111,1,"[1, 2]",1,78442,100 Level,272.5
"{'amount': 272.5, 'currency': 'USD'}",[1],[1],False,,0,,,1288807846,"{'amount': 225.0, 'currency': 'USD'}",1,16,0.0,12,369790,200 Level - 210,0,200 Level - 210,2,[1],1,78443,200 Level,272.5
"{'amount': 273.65, 'currency': 'USD'}","[22, 23, 24]",[5],False,,0,,,1284855373,"{'amount': 220.0, 'currency': 'USD'}",4,11,0.0,General Admission,369795,200 Level - 222,0,200 Level - 222,2,"[1, 2, 4]",1,78443,200 Level,273.65
"{'amount': 273.65, 'currency': 'USD'}","[22, 23, 24]",[5],False,,0,,,1284896254,"{'amount': 220.0, 'currency': 'USD'}",2,18,0.0,"13,14",369802,200 Level - 213,0,200 Level - 213,0,[2],2,78443,200 Level,273.65
"{'amount': 275.24, 'currency': 'USD'}","[22, 23, 24, 25]",[5],False,,1,,,1288325897,"{'amount': 224.99, 'currency': 'USD'}",2,GA3,0.0,"49,50",369738,Floor General Admission,0,GA4,1,"[1, 2]",1,264527,Floor,275.24
"{'amount': 275.25, 'currency': 'USD'}","[22, 23, 24]",[5],False,,0,,,1285862096,"{'amount': 225.0, 'currency': 'USD'}",1,BS3,0.0,33,369765,West Balcony 317,0,West Balcony 317,0,[1],1,78446,West Balcony,275.25
"{'amount': 275.25, 'currency': 'USD'}","[22, 23, 24]",[5],False,,0,,,1286947153,"{'amount': 225.0, 'currency': 'USD'}",4,5,0.0,"1,2,3,4",369802,200 Level - 213,0,200 Level - 213,2,"[1, 2, 4]",1,78443,200 Level,275.25
"{'amount': 275.25, 'currency': 'USD'}","[22, 23, 24]",[5],False,,0,,,1288808075,"{'amount': 225.0, 'currency': 'USD'}",1,19,0.0,1,369756,100 Level - 112,0,100 Level - 112,2,[1],1,78442,100 Level,275.25
"{'amount': 275.25, 'currency': 'USD'}","[22, 23, 24]",[5],False,,0,,,1288808928,"{'amount': 225.0, 'currency': 'USD'}",1,2,0.0,10,369765,West Balcony 317,0,West Balcony 317,2,[1],1,78446,West Balcony,275.25
"{'amount': 275.25, 'currency': 'USD'}","[22, 23, 24]",[5],False,,1,,,1285853200,"{'amount': 225.0, 'currency': 'USD'}",2,GA,0.0,General Admission,369738,Floor General Admission,0,Floor General Admission,1,"[1, 2]",1,264527,Floor,275.25
"{'amount': 277.3, 'currency': 'USD'}",[1],[1],False,,0,,,1287112434,"{'amount': 229.0, 'currency': 'USD'}",2,3,0.0,,369783,200 Level - 203,0,203,2,[2],1,78443,200 Level,277.3
"{'amount': 277.65, 'currency': 'USD'}","[22, 23, 24, 25]",[5],False,"{'amount': 91.98, 'currency': 'USD'}",0,,,1287141918,"{'amount': 227.0, 'currency': 'USD'}",4,1,0.0,,369794,200 Level - 221,0,221,2,"[1, 2, 4]",1,78443,200 Level,277.65
"{'amount': 279.7, 'currency': 'USD'}",[1],[1],False,,0,,,1286756936,"{'amount': 231.0, 'currency': 'USD'}",2,2,0.0,"1,2",369744,200 Level - 201,0,201,0,[2],2,78443,200 Level,279.7
"{'amount': 279.75, 'currency': 'USD'}","[22, 23, 24, 25]",[5],False,,0,[1],[204],1284874203,"{'amount': 225.0, 'currency': 'USD'}",4,3,0.0,General Admission,369780,400 Level - 420,0,420,1,"[2, 4]",2,78440,400 Level,279.75
"{'amount': 280.05, 'currency': 'USD'}","[22, 23, 24, 25]",[5],False,"{'amount': 108.45, 'currency': 'USD'}",1,,,1287101962,"{'amount': 229.0, 'currency': 'USD'}",4,GA6,0.0,,1944114,Riser General Admission 3,0,GA3,1,"[1, 2, 3, 4]",1,264527,Floor,280.05
"{'amount': 280.05, 'currency': 'USD'}","[22, 23, 24, 25]",[5],False,"{'amount': 97.5, 'currency': 'USD'}",0,,,1287142022,"{'amount': 229.0, 'currency': 'USD'}",4,13,0.0,,369748,100 Level - 104,0,104,2,"[1, 2, 4]",1,78442,100 Level,280.05
"{'amount': 280.05, 'currency': 'USD'}","[22, 23, 24, 25]",[5],False,,1,,,1284860371,"{'amount': 229.0, 'currency': 'USD'}",1,N/A,0.0,GA 0,369738,Floor General Admission,0,Floor General Admission,1,[1],1,264527,Floor,280.05
"{'amount': 281.25, 'currency': 'USD'}","[22, 23, 24, 25]",[5],False,"{'amount': 100.4, 'currency': 'USD'}",1,,,1285841966,"{'amount': 230.0, 'currency': 'USD'}",2,11,0.0,,1944112,Riser General Admission 1,0,1,2,[2],1,264527,Floor,281.25
"{'amount': 284.85, 'currency': 'USD'}","[22, 23, 24, 25]",[5],False,"{'amount': 94.94, 'currency': 'USD'}",0,,,1287141945,"{'amount': 233.0, 'currency': 'USD'}",4,18,0.0,,369759,100 Level - 115,0,115,2,"[1, 2, 4]",1,78442,100 Level,284.85
"{'amount': 287.25, 'currency': 'USD'}","[22, 23, 24]",[5],False,,0,,,1285905858,"{'amount': 235.0, 'currency': 'USD'}",2,18,0.0,"15,16",369745,100 Level - 101,0,101,0,[2],2,78442,100 Level,287.25
"{'amount': 287.25, 'currency': 'USD'}","[22, 23, 24]",[5],False,,1,,,1288004681,"{'amount': 235.0, 'currency': 'USD'}",2,GA,0.0,General Admission,369738,Floor General Admission,0,Floor General Admission,0,[2],2,264527,Floor,287.25
"{'amount': 287.25, 'currency': 'USD'}","[22, 23, 24, 25]",[5],False,"{'amount': 99.15, 'currency': 'USD'}",1,,,1285869277,"{'amount': 235.0, 'currency': 'USD'}",4,1,0.0,General Admission,1944114,Riser General Admission 3,0,Riser General Admission 3,1,"[2, 4]",2,264527,Floor,287.25
"{'amount': 290.5, 'currency': 'USD'}",[1],[1],False,,0,,,1285864533,"{'amount': 240.0, 'currency': 'USD'}",1,22,0.0,1,369790,200 Level - 210,0,200 Level - 210,0,[1],1,78443,200 Level,290.5
"{'amount': 290.5, 'currency': 'USD'}",[1],[1],False,,0,[1],[204],1285864855,"{'amount': 240.0, 'currency': 'USD'}",1,7,0.0,5,369778,400 Level - 418,0,400 Level - 418,0,[1],1,78440,400 Level,290.5
"{'amount': 290.85, 'currency': 'USD'}","[22, 23, 24, 25]",[5],False,"{'amount': 97.5, 'currency': 'USD'}",0,,,1287142024,"{'amount': 238.0, 'currency': 'USD'}",4,6,0.0,,369764,100 Level - 120,0,120,2,"[1, 2, 4]",1,78442,100 Level,290.85
"{'amount': 292.65, 'currency': 'USD'}","[22, 23, 24, 25]",[5],False,,1,[6],[101],1285842252,"{'amount': 239.5, 'currency': 'USD'}",2,9,0.0,"1,2",1944114,Riser General Admission 3,0,FLOOR 3,0,[2],2,264527,Floor,292.65
"{'amount': 293.25, 'currency': 'USD'}","[22, 23, 24, 25]",[5],False,,0,,,1284859726,"{'amount': 240.0, 'currency': 'USD'}",4,17,0.0,"20,21,22,23",369755,100 Level - 111,0,100 Level - 111,1,"[2, 4]",2,78442,100 Level,293.25
"{'amount': 293.25, 'currency': 'USD'}","[22, 23, 24, 25]",[5],False,"{'amount': 110.95, 'currency': 'USD'}",1,,,1285855260,"{'amount': 240.0, 'currency': 'USD'}",2,GA,0.0,General Admission,369738,Floor General Admission,0,GA4,1,"[1, 2]",1,264527,Floor,293.25
"{'amount': 293.25, 'currency': 'USD'}","[22, 23, 24, 25]",[5],False,"{'amount': 110.12, 'currency': 'USD'}",1,,,1287542459,"{'amount': 240.0, 'currency': 'USD'}",3,GA4,0.0,"26,27,28",1944114,Riser General Admission 3,0,GA3,2,"[1, 3]",1,264527,Floor,293.25
"{'amount': 293.25, 'currency': 'USD'}","[22, 23, 24]",[5],False,,0,,,1288192059,"{'amount': 240.0, 'currency': 'USD'}",4,7,0.0,"3,4,5,6",369749,100 Level - 105,0,100 Level - 105,1,"[2, 4]",2,78442,100 Level,293.25
"{'amount': 296.97, 'currency': 'USD'}","[22, 23, 24, 25]",[5],False,,1,,,1287616074,"{'amount': 243.1, 'currency': 'USD'}",1,GA,0.0,,369738,Floor General Admission,0,Floor General Admission,1,[1],1,264527,Floor,296.97
"{'amount': 299.01, 'currency': 'USD'}","[22, 23, 24, 25]",[5],False,,1,,,1286011587,"{'amount': 244.8, 'currency': 'USD'}",2,GA0,0.0,"3,4",369738,Floor General Admission,0,GA4,2,[2],1,264527,Floor,299.01
"{'amount': 299.25, 'currency': 'USD'}","[22, 23, 24, 25]",[5],False,,1,,,1285839305,"{'amount': 245.0, 'currency': 'USD'}",2,FLOOR,0.0,,369738,Floor General Admission,0,FLOOR GENERAL ADMISSION,1,"[1, 2]",1,264527,Floor,299.25
"{'amount': 299.25, 'currency': 'USD'}","[22, 23, 24, 25]",[5],False,,1,,,1285827014,"{'amount': 245.0, 'currency': 'USD'}",1,PTBM,0.0,,369738,Floor General Admission,0,GA Floor,1,[1],1,264527,Floor,299.25
"{'amount': 302.25, 'currency': 'USD'}","[22, 23, 24, 25]",[5],False,,0,,,1285927579,"{'amount': 247.5, 'currency': 'USD'}",4,10,0.0,"1,2,3,4",369800,200 Level - 227,0,227,2,"[1, 2, 4]",1,78443,200 Level,302.25
"{'amount': 302.5, 'currency': 'USD'}",[1],[1],False,,0,,,1285850225,"{'amount': 250.0, 'currency': 'USD'}",1,15,0.0,General Admission,369756,100 Level - 112,0,100 Level - 112,0,[1],1,78442,100 Level,302.5
"{'amount': 302.5, 'currency': 'USD'}",[1],[1],False,,0,[1],[2361],1285857992,"{'amount': 250.0, 'currency': 'USD'}",2,19,0.0,,369756,100 Level - 112,0,112,2,[2],1,78442,100 Level,302.5
"{'amount': 302.5, 'currency': 'USD'}",[1],[1],False,,0,,,1286311761,"{'amount': 250.0, 'currency': 'USD'}",2,16,0.0,,369798,200 Level - 225,0,225,1,"[1, 2]",1,78443,200 Level,302.5
"{'amount': 302.85, 'currency': 'USD'}","[22, 23, 24, 25]",[5],False,,0,,,1285848198,"{'amount': 248.0, 'currency': 'USD'}",3,11,0.0,,369746,100 Level - 102,0,102,0,[3],3,78442,100 Level,302.85
